{
  "IcoMoonType": "selection",
  "icons": [
    {
      "icon": {
        "paths": [
          "M981.188 160.108c-143.632-20.65-302.332-32.108-469.186-32.108-166.86 0-325.556 11.458-469.194 32.108-27.53 107.726-42.808 226.75-42.808 351.892 0 125.14 15.278 244.166 42.808 351.89 143.638 20.652 302.336 32.11 469.194 32.11 166.854 0 325.552-11.458 469.186-32.11 27.532-107.724 42.812-226.75 42.812-351.89 0-125.142-15.28-244.166-42.812-351.892zM384.002 704v-384l320 192-320 192z"
        ],
        "tags": [
          "play",
          "video",
          "movie"
        ],
        "defaultCode": 59666,
        "grid": 16,
        "attrs": []
      },
      "attrs": [],
      "properties": {
        "ligatures": "play, video",
        "name": "play",
        "order": 514,
        "id": 19,
        "prevSize": 32,
        "code": 59666
      },
      "setIdx": 0,
      "setId": 1,
      "iconIdx": 18
    },
    {
      "icon": {
        "paths": [
          "M704 640c-64 64-64 128-128 128s-128-64-192-128-128-128-128-192 64-64 128-128-128-256-192-256-192 192-192 192c0 128 131.5 387.5 256 512s384 256 512 256c0 0 192-128 192-192s-192-256-256-192z"
        ],
        "tags": [
          "phone",
          "telephone",
          "contact",
          "support",
          "call"
        ],
        "defaultCode": 59714,
        "grid": 16,
        "attrs": []
      },
      "attrs": [],
      "properties": {
        "ligatures": "phone, telephone",
        "name": "phone",
        "order": 515,
        "id": 67,
        "prevSize": 32,
        "code": 59714
      },
      "setIdx": 0,
      "setId": 1,
      "iconIdx": 66
    },
    {
      "icon": {
        "paths": [
          "M1017.378 575.994c8.004 55.482 13.216 131.392-11.664 160.446-41.142 48.044-301.712 48.044-301.712-48.042 0-48.398 42.856-80.134 1.712-128.178-40.472-47.262-113.026-48.030-193.714-48.042-80.686 0.012-153.242 0.78-193.714 48.042-41.142 48.046 1.714 79.78 1.714 128.178 0 96.086-260.57 96.086-301.714 48.044-24.878-29.054-19.668-104.964-11.662-160.446 6.16-37.038 21.724-76.996 71.548-127.994 0-0.002 0.002-0.002 0.002-0.004 74.738-69.742 187.846-126.738 429.826-127.968v-0.030c1.344 0 2.664 0.010 4 0.014 1.338-0.004 2.656-0.014 4-0.014v0.028c241.98 1.23 355.088 58.226 429.826 127.968 0.002 0.002 0.002 0.004 0.002 0.004 49.824 50.996 65.39 90.954 71.55 127.994z"
        ],
        "tags": [
          "phone-hang-up",
          "telephone",
          "contact",
          "support",
          "call"
        ],
        "defaultCode": 59715,
        "grid": 16,
        "attrs": []
      },
      "attrs": [],
      "properties": {
        "ligatures": "phone-hang-up, telephone2",
        "name": "phone-hang-up",
        "order": 516,
        "id": 68,
        "prevSize": 32,
        "code": 59715
      },
      "setIdx": 0,
      "setId": 1,
      "iconIdx": 67
    },
    {
      "icon": {
        "paths": [
          "M928 128h-832c-52.8 0-96 43.2-96 96v640c0 52.8 43.2 96 96 96h832c52.8 0 96-43.2 96-96v-640c0-52.8-43.2-96-96-96zM398.74 550.372l-270.74 210.892v-501.642l270.74 290.75zM176.38 256h671.24l-335.62 252-335.62-252zM409.288 561.698l102.712 110.302 102.71-110.302 210.554 270.302h-626.528l210.552-270.302zM625.26 550.372l270.74-290.75v501.642l-270.74-210.892z"
        ],
        "tags": [
          "envelop",
          "mail",
          "email",
          "contact",
          "letter"
        ],
        "defaultCode": 59717,
        "grid": 16,
        "attrs": []
      },
      "attrs": [],
      "properties": {
        "ligatures": "envelop, mail",
        "name": "envelop",
        "order": 517,
        "id": 70,
        "prevSize": 32,
        "code": 59717
      },
      "setIdx": 0,
      "setId": 1,
      "iconIdx": 69
    },
    {
      "icon": {
        "paths": [
          "M853.31 0h-682.62c-93.88 0-170.69 76.784-170.69 170.658v682.656c0 93.876 76.81 170.686 170.69 170.686h682.622c93.938 0 170.688-76.81 170.688-170.686v-682.656c0-93.874-76.75-170.658-170.69-170.658zM256 256h512c9.138 0 18.004 1.962 26.144 5.662l-282.144 329.168-282.144-329.17c8.14-3.696 17.006-5.66 26.144-5.66zM192 704v-384c0-1.34 0.056-2.672 0.14-4l187.664 218.94-185.598 185.6c-1.444-5.338-2.206-10.886-2.206-16.54zM768 768h-512c-5.654 0-11.202-0.762-16.54-2.206l182.118-182.118 90.422 105.496 90.424-105.494 182.116 182.118c-5.34 1.442-10.886 2.204-16.54 2.204zM832 704c0 5.654-0.762 11.2-2.206 16.54l-185.598-185.598 187.664-218.942c0.084 1.328 0.14 2.66 0.14 4v384z"
        ],
        "tags": [
          "mail",
          "contact",
          "support",
          "newsletter",
          "letter",
          "email",
          "envelop",
          "social"
        ],
        "defaultCode": 60035,
        "grid": 16,
        "attrs": []
      },
      "attrs": [],
      "properties": {
        "ligatures": "mail2, contact2",
        "name": "mail",
        "order": 508,
        "id": 388,
        "prevSize": 32,
        "code": 60035
      },
      "setIdx": 0,
      "setId": 1,
      "iconIdx": 387
    },
    {
      "icon": {
        "paths": [
          "M853.342 0h-682.656c-93.874 0-170.686 76.81-170.686 170.69v682.622c0 93.938 76.812 170.688 170.686 170.688h682.656c93.876 0 170.658-76.75 170.658-170.69v-682.62c0-93.88-76.782-170.69-170.658-170.69zM853.342 128c7.988 0 15.546 2.334 22.020 6.342l-363.362 300.404-363.354-300.4c6.478-4.010 14.044-6.346 22.040-6.346h682.656zM170.686 896c-1.924 0-3.82-0.146-5.684-0.408l225.626-312.966-29.256-29.254-233.372 233.37v-611.138l384 464.396 384-464.394v611.136l-233.372-233.37-29.254 29.254 225.628 312.968c-1.858 0.26-3.746 0.406-5.662 0.406h-682.654z"
        ],
        "tags": [
          "mail",
          "contact",
          "support",
          "newsletter",
          "letter",
          "email",
          "envelop",
          "social"
        ],
        "defaultCode": 60036,
        "grid": 16,
        "attrs": []
      },
      "attrs": [],
      "properties": {
        "ligatures": "mail3, contact3",
        "name": "mail2",
        "order": 509,
        "id": 389,
        "prevSize": 32,
        "code": 60036
      },
      "setIdx": 0,
      "setId": 1,
      "iconIdx": 388
    },
    {
      "icon": {
        "paths": [
          "M512 0c-282.77 0-512 229.23-512 512s229.23 512 512 512 512-229.23 512-512-229.23-512-512-512zM256 256h512c9.138 0 18.004 1.962 26.144 5.662l-282.144 329.168-282.144-329.17c8.14-3.696 17.006-5.66 26.144-5.66zM192 704v-384c0-1.34 0.056-2.672 0.14-4l187.664 218.942-185.598 185.598c-1.444-5.336-2.206-10.886-2.206-16.54zM768 768h-512c-5.654 0-11.202-0.762-16.54-2.208l182.118-182.118 90.422 105.498 90.424-105.494 182.116 182.12c-5.34 1.44-10.886 2.202-16.54 2.202zM832 704c0 5.654-0.762 11.2-2.206 16.54l-185.6-185.598 187.666-218.942c0.084 1.328 0.14 2.66 0.14 4v384z"
        ],
        "tags": [
          "mail",
          "contact",
          "support",
          "newsletter",
          "letter",
          "email",
          "envelop",
          "social"
        ],
        "defaultCode": 60038,
        "grid": 16,
        "attrs": []
      },
      "attrs": [],
      "properties": {
        "ligatures": "mail5, contact5",
        "name": "mail4",
        "order": 510,
        "id": 391,
        "prevSize": 32,
        "code": 60038
      },
      "setIdx": 0,
      "setId": 1,
      "iconIdx": 390
    },
    {
      "icon": {
        "paths": [
          "M522.2 438.8v175.6h290.4c-11.8 75.4-87.8 220.8-290.4 220.8-174.8 0-317.4-144.8-317.4-323.2s142.6-323.2 317.4-323.2c99.4 0 166 42.4 204 79l139-133.8c-89.2-83.6-204.8-134-343-134-283 0-512 229-512 512s229 512 512 512c295.4 0 491.6-207.8 491.6-500.2 0-33.6-3.6-59.2-8-84.8l-483.6-0.2z"
        ],
        "tags": [
          "google",
          "brand"
        ],
        "defaultCode": 60040,
        "grid": 16,
        "attrs": []
      },
      "attrs": [],
      "properties": {
        "name": "google",
        "ligatures": "google, brand2",
        "order": 511,
        "id": 393,
        "prevSize": 32,
        "code": 60040
      },
      "setIdx": 0,
      "setId": 1,
      "iconIdx": 392
    },
    {
      "icon": {
        "paths": [
          "M928 0h-832c-52.8 0-96 43.2-96 96v832c0 52.8 43.2 96 96 96h832c52.8 0 96-43.2 96-96v-832c0-52.8-43.2-96-96-96zM519.6 896c-212.2 0-384-171.8-384-384s171.8-384 384-384c103.6 0 190.4 37.8 257.2 100.4l-104.2 100.4c-28.6-27.4-78.4-59.2-153-59.2-131.2 0-238 108.6-238 242.4s107 242.4 238 242.4c152 0 209-109.2 217.8-165.6h-217.8v-131.6h362.6c3.2 19.2 6 38.4 6 63.6 0.2 219.4-146.8 375.2-368.6 375.2z"
        ],
        "tags": [
          "google",
          "brand"
        ],
        "defaultCode": 60041,
        "grid": 16,
        "attrs": []
      },
      "attrs": [],
      "properties": {
        "name": "google2",
        "ligatures": "google2, brand3",
        "order": 512,
        "id": 394,
        "prevSize": 32,
        "code": 60041
      },
      "setIdx": 0,
      "setId": 1,
      "iconIdx": 393
    },
    {
      "icon": {
        "paths": [
          "M512 0c-282.8 0-512 229.2-512 512s229.2 512 512 512 512-229.2 512-512-229.2-512-512-512zM519.6 896c-212.2 0-384-171.8-384-384s171.8-384 384-384c103.6 0 190.4 37.8 257.2 100.4l-104.2 100.4c-28.6-27.4-78.4-59.2-153-59.2-131.2 0-238 108.6-238 242.4s107 242.4 238 242.4c152 0 209-109.2 217.8-165.6h-217.8v-131.6h362.6c3.2 19.2 6 38.4 6 63.6 0.2 219.4-146.8 375.2-368.6 375.2z"
        ],
        "tags": [
          "google",
          "brand"
        ],
        "defaultCode": 60042,
        "grid": 16,
        "attrs": []
      },
      "attrs": [],
      "properties": {
        "name": "google3",
        "ligatures": "google3, brand4",
        "order": 513,
        "id": 395,
        "prevSize": 32,
        "code": 60042
      },
      "setIdx": 0,
      "setId": 1,
      "iconIdx": 394
    },
    {
      "icon": {
        "paths": [
          "M608 192h160v-192h-160c-123.514 0-224 100.486-224 224v96h-128v192h128v512h192v-512h160l32-192h-192v-96c0-17.346 14.654-32 32-32z"
        ],
        "tags": [
          "facebook",
          "brand",
          "social"
        ],
        "defaultCode": 60048,
        "grid": 16,
        "attrs": []
      },
      "attrs": [],
      "properties": {
        "ligatures": "facebook, brand10",
        "name": "facebook",
        "order": 503,
        "id": 401,
        "prevSize": 32,
        "code": 60048
      },
      "setIdx": 0,
      "setId": 1,
      "iconIdx": 400
    },
    {
      "icon": {
        "paths": [
          "M928 0h-832c-52.8 0-96 43.2-96 96v832c0 52.8 43.2 96 96 96h416v-448h-128v-128h128v-64c0-105.8 86.2-192 192-192h128v128h-128c-35.2 0-64 28.8-64 64v64h192l-32 128h-160v448h288c52.8 0 96-43.2 96-96v-832c0-52.8-43.2-96-96-96z"
        ],
        "tags": [
          "facebook",
          "brand",
          "social"
        ],
        "defaultCode": 60049,
        "grid": 16,
        "attrs": []
      },
      "attrs": [],
      "properties": {
        "ligatures": "facebook2, brand11",
        "name": "facebook2",
        "order": 502,
        "id": 402,
        "prevSize": 32,
        "code": 60049
      },
      "setIdx": 0,
      "setId": 1,
      "iconIdx": 401
    },
    {
      "icon": {
        "paths": [
          "M512 92.2c136.8 0 153 0.6 206.8 3 50 2.2 77 10.6 95 17.6 23.8 9.2 41 20.4 58.8 38.2 18 18 29 35 38.4 58.8 7 18 15.4 45.2 17.6 95 2.4 54 3 70.2 3 206.8s-0.6 153-3 206.8c-2.2 50-10.6 77-17.6 95-9.2 23.8-20.4 41-38.2 58.8-18 18-35 29-58.8 38.4-18 7-45.2 15.4-95 17.6-54 2.4-70.2 3-206.8 3s-153-0.6-206.8-3c-50-2.2-77-10.6-95-17.6-23.8-9.2-41-20.4-58.8-38.2-18-18-29-35-38.4-58.8-7-18-15.4-45.2-17.6-95-2.4-54-3-70.2-3-206.8s0.6-153 3-206.8c2.2-50 10.6-77 17.6-95 9.2-23.8 20.4-41 38.2-58.8 18-18 35-29 58.8-38.4 18-7 45.2-15.4 95-17.6 53.8-2.4 70-3 206.8-3zM512 0c-139 0-156.4 0.6-211 3-54.4 2.4-91.8 11.2-124.2 23.8-33.8 13.2-62.4 30.6-90.8 59.2-28.6 28.4-46 57-59.2 90.6-12.6 32.6-21.4 69.8-23.8 124.2-2.4 54.8-3 72.2-3 211.2s0.6 156.4 3 211c2.4 54.4 11.2 91.8 23.8 124.2 13.2 33.8 30.6 62.4 59.2 90.8 28.4 28.4 57 46 90.6 59 32.6 12.6 69.8 21.4 124.2 23.8 54.6 2.4 72 3 211 3s156.4-0.6 211-3c54.4-2.4 91.8-11.2 124.2-23.8 33.6-13 62.2-30.6 90.6-59s46-57 59-90.6c12.6-32.6 21.4-69.8 23.8-124.2 2.4-54.6 3-72 3-211s-0.6-156.4-3-211c-2.4-54.4-11.2-91.8-23.8-124.2-12.6-34-30-62.6-58.6-91-28.4-28.4-57-46-90.6-59-32.6-12.6-69.8-21.4-124.2-23.8-54.8-2.6-72.2-3.2-211.2-3.2v0z",
          "M512 249c-145.2 0-263 117.8-263 263s117.8 263 263 263 263-117.8 263-263c0-145.2-117.8-263-263-263zM512 682.6c-94.2 0-170.6-76.4-170.6-170.6s76.4-170.6 170.6-170.6c94.2 0 170.6 76.4 170.6 170.6s-76.4 170.6-170.6 170.6z",
          "M846.8 238.6c0 33.91-27.49 61.4-61.4 61.4s-61.4-27.49-61.4-61.4c0-33.91 27.49-61.4 61.4-61.4s61.4 27.49 61.4 61.4z"
        ],
        "tags": [
          "instagram",
          "brand",
          "social"
        ],
        "defaultCode": 60050,
        "grid": 16,
        "attrs": []
      },
      "attrs": [],
      "properties": {
        "ligatures": "instagram, brand12",
        "name": "instagram",
        "order": 501,
        "id": 403,
        "prevSize": 32,
        "code": 60050
      },
      "setIdx": 0,
      "setId": 1,
      "iconIdx": 402
    },
    {
      "icon": {
        "paths": [
          "M873 148.8c-95.8-96-223.2-148.8-359-148.8-279.6 0-507.2 227.6-507.2 507.4 0 89.4 23.4 176.8 67.8 253.6l-72 263 269-70.6c74.2 40.4 157.6 61.8 242.4 61.8h0.2c0 0 0 0 0 0 279.6 0 507.4-227.6 507.4-507.4 0-135.6-52.8-263-148.6-359zM514.2 929.6v0c-75.8 0-150-20.4-214.8-58.8l-15.4-9.2-159.6 41.8 42.6-155.6-10-16c-42.4-67-64.6-144.6-64.6-224.4 0-232.6 189.2-421.8 422-421.8 112.6 0 218.6 44 298.2 123.6 79.6 79.8 123.4 185.6 123.4 298.4-0.2 232.8-189.4 422-421.8 422zM745.4 613.6c-12.6-6.4-75-37-86.6-41.2s-20-6.4-28.6 6.4c-8.4 12.6-32.8 41.2-40.2 49.8-7.4 8.4-14.8 9.6-27.4 3.2s-53.6-19.8-102-63c-37.6-33.6-63.2-75.2-70.6-87.8s-0.8-19.6 5.6-25.8c5.8-5.6 12.6-14.8 19-22.2s8.4-12.6 12.6-21.2c4.2-8.4 2.2-15.8-1-22.2s-28.6-68.8-39-94.2c-10.2-24.8-20.8-21.4-28.6-21.8-7.4-0.4-15.8-0.4-24.2-0.4s-22.2 3.2-33.8 15.8c-11.6 12.6-44.4 43.4-44.4 105.8s45.4 122.6 51.8 131.2c6.4 8.4 89.4 136.6 216.6 191.4 30.2 13 53.8 20.8 72.2 26.8 30.4 9.6 58 8.2 79.8 5 24.4-3.6 75-30.6 85.6-60.2s10.6-55 7.4-60.2c-3-5.6-11.4-8.8-24.2-15.2z"
        ],
        "tags": [
          "whatsapp",
          "brand",
          "social"
        ],
        "defaultCode": 60051,
        "grid": 16,
        "attrs": []
      },
      "attrs": [],
      "properties": {
        "name": "whatsapp",
        "ligatures": "whatsapp, brand13",
        "order": 500,
        "id": 404,
        "prevSize": 32,
        "code": 60051
      },
      "setIdx": 0,
      "setId": 1,
      "iconIdx": 403
    },
    {
      "icon": {
        "paths": [
          "M1024 226.4c-37.6 16.8-78.2 28-120.6 33 43.4-26 76.6-67.2 92.4-116.2-40.6 24-85.6 41.6-133.4 51-38.4-40.8-93-66.2-153.4-66.2-116 0-210 94-210 210 0 16.4 1.8 32.4 5.4 47.8-174.6-8.8-329.4-92.4-433-219.6-18 31-28.4 67.2-28.4 105.6 0 72.8 37 137.2 93.4 174.8-34.4-1-66.8-10.6-95.2-26.2 0 0.8 0 1.8 0 2.6 0 101.8 72.4 186.8 168.6 206-17.6 4.8-36.2 7.4-55.4 7.4-13.6 0-26.6-1.4-39.6-3.8 26.8 83.4 104.4 144.2 196.2 146-72 56.4-162.4 90-261 90-17 0-33.6-1-50.2-3 93.2 59.8 203.6 94.4 322.2 94.4 386.4 0 597.8-320.2 597.8-597.8 0-9.2-0.2-18.2-0.6-27.2 41-29.4 76.6-66.4 104.8-108.6z"
        ],
        "tags": [
          "twitter",
          "brand",
          "tweet",
          "social"
        ],
        "defaultCode": 60054,
        "grid": 16,
        "attrs": []
      },
      "attrs": [],
      "properties": {
        "ligatures": "twitter, brand16",
        "name": "twitter",
        "order": 506,
        "id": 407,
        "prevSize": 32,
        "code": 60054
      },
      "setIdx": 0,
      "setId": 1,
      "iconIdx": 406
    },
    {
      "icon": {
        "paths": [
          "M1013.8 307.2c0 0-10-70.6-40.8-101.6-39-40.8-82.6-41-102.6-43.4-143.2-10.4-358.2-10.4-358.2-10.4h-0.4c0 0-215 0-358.2 10.4-20 2.4-63.6 2.6-102.6 43.4-30.8 31-40.6 101.6-40.6 101.6s-10.2 82.8-10.2 165.8v77.6c0 82.8 10.2 165.8 10.2 165.8s10 70.6 40.6 101.6c39 40.8 90.2 39.4 113 43.8 82 7.8 348.2 10.2 348.2 10.2s215.2-0.4 358.4-10.6c20-2.4 63.6-2.6 102.6-43.4 30.8-31 40.8-101.6 40.8-101.6s10.2-82.8 10.2-165.8v-77.6c-0.2-82.8-10.4-165.8-10.4-165.8zM406.2 644.8v-287.8l276.6 144.4-276.6 143.4z"
        ],
        "tags": [
          "youtube",
          "brand",
          "social"
        ],
        "defaultCode": 60061,
        "grid": 16,
        "attrs": []
      },
      "attrs": [],
      "properties": {
        "ligatures": "youtube, brand21",
        "name": "youtube",
        "order": 505,
        "id": 414,
        "prevSize": 32,
        "code": 60061
      },
      "setIdx": 0,
      "setId": 1,
      "iconIdx": 413
    },
    {
      "icon": {
        "paths": [
          "M512.008 12.642c-282.738 0-512.008 229.218-512.008 511.998 0 226.214 146.704 418.132 350.136 485.836 25.586 4.738 34.992-11.11 34.992-24.632 0-12.204-0.48-52.542-0.696-95.324-142.448 30.976-172.504-60.41-172.504-60.41-23.282-59.176-56.848-74.916-56.848-74.916-46.452-31.778 3.51-31.124 3.51-31.124 51.4 3.61 78.476 52.766 78.476 52.766 45.672 78.27 119.776 55.64 149.004 42.558 4.588-33.086 17.852-55.68 32.506-68.464-113.73-12.942-233.276-56.85-233.276-253.032 0-55.898 20.004-101.574 52.76-137.428-5.316-12.9-22.854-64.972 4.952-135.5 0 0 43.006-13.752 140.84 52.49 40.836-11.348 84.636-17.036 128.154-17.234 43.502 0.198 87.336 5.886 128.256 17.234 97.734-66.244 140.656-52.49 140.656-52.49 27.872 70.528 10.35 122.6 5.036 135.5 32.82 35.856 52.694 81.532 52.694 137.428 0 196.654-119.778 239.95-233.79 252.624 18.364 15.89 34.724 47.046 34.724 94.812 0 68.508-0.596 123.644-0.596 140.508 0 13.628 9.222 29.594 35.172 24.566 203.322-67.776 349.842-259.626 349.842-485.768 0-282.78-229.234-511.998-511.992-511.998z"
        ],
        "tags": [
          "github",
          "brand",
          "octacat",
          "social"
        ],
        "defaultCode": 60080,
        "grid": 16,
        "attrs": []
      },
      "attrs": [],
      "properties": {
        "ligatures": "github, brand40",
        "name": "github",
        "order": 507,
        "id": 433,
        "prevSize": 32,
        "code": 60080
      },
      "setIdx": 0,
      "setId": 1,
      "iconIdx": 432
    },
    {
      "icon": {
        "paths": [
          "M576.032 448l-0.002 234.184c0 59.418-0.77 93.656 5.53 110.5 6.25 16.754 21.918 34.146 38.99 44.202 22.684 13.588 48.542 20.376 77.708 20.376 51.854 0 82.478-6.848 133.742-40.54v153.944c-43.7 20.552-81.866 32.594-117.324 40.922-35.5 8.242-73.86 12.406-115.064 12.406-46.828 0-74.456-5.886-110.41-17.656-35.958-11.868-66.66-28.806-92.020-50.54-25.45-21.922-43.022-45.208-52.848-69.832-9.826-24.636-14.716-60.414-14.716-107.244v-359.1h-137.426v-145.006c40.208-13.042 85.164-31.788 113.78-56.152 28.754-24.45 51.766-53.706 69.106-87.944 17.392-34.146 29.348-77.712 35.872-130.516h165.084l-0.002 255.996h255.968v192h-255.968z"
        ],
        "tags": [
          "tumblr",
          "brand",
          "social"
        ],
        "defaultCode": 60089,
        "grid": 16,
        "attrs": []
      },
      "attrs": [],
      "properties": {
        "ligatures": "tumblr, brand49",
        "name": "tumblr",
        "order": 497,
        "id": 442,
        "prevSize": 32,
        "code": 60089
      },
      "setIdx": 0,
      "setId": 1,
      "iconIdx": 441
    },
    {
      "icon": {
        "paths": [
          "M928 0h-832c-52.8 0-96 43.2-96 96v832c0 52.8 43.2 96 96 96h832c52.8 0 96-43.2 96-96v-832c0-52.8-43.2-96-96-96zM731.8 824.6c-30.2 14.2-57.6 24.2-82 30-24.4 5.6-51 8.6-79.4 8.6-32.4 0-51.4-4-76.2-12.2s-46-19.8-63.6-34.8c-17.6-15.2-29.6-31.2-36.4-48.2s-10.2-41.6-10.2-74v-247.8h-96v-100c27.8-9 60-22 79.6-38.8 19.8-16.8 35.8-37 47.6-60.6 12-23.6 20.2-53.6 24.8-90h100.4v163.2h163.6v126.2h-163.4v181.2c0 41-0.6 64.6 3.8 76.2s15.2 23.6 27 30.4c15.6 9.4 33.6 14 53.6 14 35.8 0 71.4-11.6 106.8-34.8v111.4z"
        ],
        "tags": [
          "tumblr",
          "brand",
          "social"
        ],
        "defaultCode": 60090,
        "grid": 16,
        "attrs": []
      },
      "attrs": [],
      "properties": {
        "ligatures": "tumblr2, brand50",
        "name": "tumblr2",
        "order": 496,
        "id": 443,
        "prevSize": 32,
        "code": 60090
      },
      "setIdx": 0,
      "setId": 1,
      "iconIdx": 442
    },
    {
      "icon": {
        "paths": [
          "M928 0h-832c-52.8 0-96 43.2-96 96v832c0 52.8 43.2 96 96 96h832c52.8 0 96-43.2 96-96v-832c0-52.8-43.2-96-96-96zM384 832h-128v-448h128v448zM320 320c-35.4 0-64-28.6-64-64s28.6-64 64-64c35.4 0 64 28.6 64 64s-28.6 64-64 64zM832 832h-128v-256c0-35.4-28.6-64-64-64s-64 28.6-64 64v256h-128v-448h128v79.4c26.4-36.2 66.8-79.4 112-79.4 79.6 0 144 71.6 144 160v288z"
        ],
        "tags": [
          "linkedin",
          "brand",
          "social"
        ],
        "defaultCode": 60105,
        "grid": 16,
        "attrs": []
      },
      "attrs": [],
      "properties": {
        "ligatures": "linkedin, brand64",
        "name": "linkedin",
        "order": 498,
        "id": 458,
        "prevSize": 32,
        "code": 60105
      },
      "setIdx": 0,
      "setId": 1,
      "iconIdx": 457
    },
    {
      "icon": {
        "paths": [
          "M384 384h177.106v90.782h2.532c24.64-44.194 84.958-90.782 174.842-90.782 186.946 0 221.52 116.376 221.52 267.734v308.266h-184.61v-273.278c0-65.184-1.334-149.026-96.028-149.026-96.148 0-110.82 70.986-110.82 144.292v278.012h-184.542v-576z",
          "M64 384h192v576h-192v-576z",
          "M256 224c0 53.019-42.981 96-96 96s-96-42.981-96-96c0-53.019 42.981-96 96-96s96 42.981 96 96z"
        ],
        "tags": [
          "linkedin",
          "brand",
          "social"
        ],
        "defaultCode": 60106,
        "grid": 16,
        "attrs": []
      },
      "attrs": [],
      "properties": {
        "ligatures": "linkedin2, brand65",
        "name": "linkedin2",
        "order": 499,
        "id": 459,
        "prevSize": 32,
        "code": 60106
      },
      "setIdx": 0,
      "setId": 1,
      "iconIdx": 458
    }
  ],
  "height": 1024,
  "metadata": {
    "name": "icomoon"
  },
  "preferences": {
    "showGlyphs": true,
    "showQuickUse": true,
    "showQuickUse2": true,
    "showSVGs": true,
    "fontPref": {
      "prefix": "icon-",
      "metadata": {
        "fontFamily": "icomoon"
      },
      "metrics": {
        "emSize": 1024,
        "baseline": 6.25,
        "whitespace": 50
      },
      "embed": false
    },
    "imagePref": {
      "prefix": "icon-",
      "png": true,
      "useClassSelector": true,
      "color": 0,
      "bgColor": 16777215,
      "classSelector": ".icon"
    },
    "historySize": 100,
    "showCodes": true,
    "gridSize": 16
  }
}